name,Gmodel_DMP_BP,Gmodel_DMR_pos_BP,Gmodel_DMR_reg_BP,Gmodel_MP_BP,GxE_DMP_BP,GxE_DMR_pos_BP,GxE_DMR_reg_BP,GxE_MP_BP,Emodel_MP_BP
ibonucleoside triphosphate metabolic process       ,1,1,1,1,1,1,1,1,0
energy derivation by oxidation of organic compounds compounds   ,1,1,1,1,1,1,1,1,0
pyruvate metabolic process        ,1,1,1,1,1,1,1,1,0
response to stimulus        ,1,1,1,1,1,1,1,1,0
regulation of signal transduction       ,1,1,1,1,1,1,1,1,0
acropetal auxin transport        ,1,1,1,1,1,1,1,1,0
auxin polar transport        ,1,1,1,1,1,1,1,1,0
terpene metabolic process        ,1,1,1,1,1,1,1,1,0
flavonoid metabolic process        ,1,1,1,1,1,1,1,1,0
cellular metabolic process        ,1,1,1,1,1,1,1,1,0
cellular process         ,1,1,1,1,1,1,1,1,0
protein phosphorylation         ,1,1,1,1,1,1,1,1,0
phenylpropanoid catabolic process        ,1,1,1,1,1,1,1,1,0
regulation of response to stimulus      ,1,1,1,1,1,1,1,1,0
cellular nitrogen compound biosynthetic process      ,1,1,1,1,1,1,1,1,0
auxin efflux         ,1,1,1,1,1,1,1,1,0
regulation of cell communication       ,1,1,1,1,1,1,0,1,0
signal transduction         ,1,1,1,1,1,1,1,1,0
phosphorylation          ,1,0,1,1,1,1,1,1,0
hormone transport         ,1,1,1,1,1,1,1,1,0
purine ribonucleoside triphosphate metabolic process      ,1,1,1,1,1,1,1,1,0
anion transport         ,1,1,1,1,0,1,1,1,0
regulation of signaling        ,1,1,1,1,1,1,1,1,0
metabolic process         ,1,1,1,1,1,1,1,1,0
auxin transport         ,1,1,1,1,1,1,1,1,0
purine nucleoside triphosphate metabolic process      ,1,1,1,1,1,1,1,1,0
lignin catabolic process        ,1,1,1,1,1,1,1,1,0
basipetal auxin transport        ,1,1,1,1,1,1,1,1,0
response to external stimulus       ,1,1,1,1,1,1,1,1,0
signaling          ,1,1,1,1,1,1,1,1,0
regulation of auxin mediated signaling pathway     ,1,1,1,1,1,1,1,1,0
cell communication         ,1,1,1,1,1,1,1,1,0
organic substance metabolic process       ,1,1,1,1,1,1,1,1,0
cellular respiration         ,1,1,1,1,1,1,1,1,0
phenylpropanoid metabolic process        ,0,1,1,0,1,1,1,1,1
fruit development         ,1,1,1,1,1,1,1,0,0
cytoskeleton organization         ,1,1,1,1,1,1,1,0,0
cellular response to stimulus       ,1,1,1,1,1,1,1,0,0
seed development         ,1,1,1,1,1,1,1,0,0
cellular response to organic substance      ,1,1,1,1,1,1,1,0,0
organonitrogen compound metabolic process       ,1,1,1,1,1,1,1,1,0
cofactor metabolic process        ,1,1,1,1,1,1,0,1,0
nicotinamide nucleotide metabolic process       ,1,1,1,1,1,1,0,1,0
pyridine nucleotide metabolic process       ,1,1,1,1,1,1,0,1,0
oxidoreduction coenzyme metabolic process       ,1,1,1,1,1,1,0,1,0
pyridine-containing compound metabolic process       ,1,1,1,1,1,1,0,1,0
protein modification process        ,1,1,1,0,1,1,0,1,0
animal organ development        ,1,1,1,0,1,1,1,1,0
macromolecule modification         ,1,1,1,0,1,1,1,1,0
peptidyl-amino acid modification        ,1,1,1,0,1,1,1,1,0
nitrogen compound transport        ,1,1,1,0,1,1,1,1,0
cellular protein modification process       ,1,1,1,0,1,1,1,1,0
signal transduction by protein phosphorylation      ,1,1,1,0,1,1,1,1,0
geranyl diphosphate metabolic process       ,1,1,0,1,1,1,1,1,0
ATP generation from ADP       ,1,1,0,1,1,1,1,1,0
nucleoside diphosphate metabolic process       ,1,1,0,1,1,1,1,1,0
nucleotide phosphorylation         ,1,1,0,1,1,1,1,1,0
nucleoside metabolic process        ,1,1,0,1,1,1,1,1,0
primary metabolic process        ,1,1,0,1,1,1,1,1,0
ATP metabolic process        ,1,1,0,1,1,1,1,1,0
purine ribonucleoside diphosphate metabolic process      ,1,1,0,1,1,1,1,1,0
ribonucleoside diphosphate metabolic process       ,1,1,0,1,1,1,1,1,0
nucleoside triphosphate metabolic process       ,1,1,0,1,1,1,1,1,0
purine-containing compound metabolic process       ,1,1,0,1,1,1,1,1,0
glycolytic process         ,1,1,0,1,1,1,1,1,0
aerobic respiration         ,1,1,0,1,1,1,1,1,0
nucleoside diphosphate phosphorylation        ,1,1,0,1,1,1,1,1,0
purine nucleoside diphosphate metabolic process      ,1,1,0,1,1,1,1,1,0
ADP metabolic process        ,1,1,0,1,1,1,1,1,0
peptide biosynthetic process        ,0,1,1,1,1,1,1,1,0
amide biosynthetic process        ,0,1,1,1,1,1,1,1,0
heterocycle metabolic process        ,0,1,1,1,1,1,1,1,0
generation of precursor metabolites and energy     ,0,1,1,1,1,1,1,1,0
cellular amide metabolic process       ,0,1,1,1,1,1,1,1,0
external encapsulating structure organization       ,0,1,1,1,1,1,1,1,0
cellular nitrogen compound metabolic process      ,0,1,1,1,1,1,1,1,0
drug transport         ,0,1,1,1,1,1,1,1,0
cell wall organization        ,0,1,1,1,1,1,1,1,0
nitrogen compound metabolic process       ,0,1,1,1,1,1,1,1,0
terpene biosynthetic process        ,0,1,1,1,1,1,1,1,0
peptide metabolic process        ,0,1,1,1,1,1,1,1,0
protein-containing complex assembly        ,0,1,1,1,1,1,1,1,0
cellular protein-containing complex assembly       ,0,1,1,1,1,1,1,1,0
drug transmembrane transport        ,0,1,1,1,1,1,1,1,0
nucleobase-containing compound metabolic process       ,0,1,1,1,1,1,1,1,0
response to drug        ,0,1,1,1,1,1,1,1,0
regulation of transcription by RNA polymerase II,1,1,1,1,1,1,1,0,0
alpha-pinene metabolic process        ,1,1,1,1,1,0,0,1,0
RNA biosynthetic process        ,1,1,1,1,0,0,1,1,0
nucleic acid-templated transcription        ,1,1,1,1,0,0,1,1,0
pinene metabolic process        ,1,1,1,1,0,0,1,1,0
alpha-pinene biosynthetic process        ,1,1,1,1,0,0,1,1,0
nucleobase-containing compound biosynthetic process       ,1,1,1,1,0,0,1,1,0
"transcription, DNA-templated          ",1,1,1,1,0,0,1,1,0
proteasomal protein catabolic process       ,1,1,1,1,0,0,1,1,0
heterocycle biosynthetic process        ,1,1,1,1,0,0,1,1,0
regulation of post-embryonic development       ,1,1,1,0,0,1,1,0,0
embryonic meristem development        ,1,1,1,0,1,1,1,0,0
nucleosome assembly         ,1,1,1,0,1,1,1,0,0
cell cycle         ,1,1,1,0,1,1,1,0,0
organic hydroxy compound biosynthetic process      ,1,1,1,0,1,1,1,0,0
cell cycle process        ,1,1,1,0,1,1,1,0,0
mitotic cytokinetic process        ,1,1,1,0,1,1,1,0,0
multicellular organismal process        ,1,1,1,0,1,1,1,0,0
DNA modification         ,1,1,1,0,1,1,1,0,0
cellular response to chemical stimulus      ,1,1,1,0,1,1,1,0,0
cytoskeleton-dependent cytokinesis         ,1,1,1,0,1,1,1,0,0
multicellular organismal reproductive process       ,1,1,1,0,1,1,1,0,0
cytokinesis          ,1,1,1,0,1,1,1,0,0
regulation of peptidase activity       ,1,1,1,0,1,1,1,0,0
sugar mediated signaling pathway       ,1,1,1,0,1,1,1,0,0
meristem development         ,1,1,1,0,1,1,1,0,0
cell division         ,1,1,1,0,1,1,1,0,0
triterpenoid biosynthetic process        ,1,1,1,0,1,1,1,0,0
developmental process involved in reproduction      ,1,1,1,0,1,1,1,0,0
developmental process         ,1,1,1,0,1,1,1,0,0
system development         ,1,1,1,0,1,1,1,0,0
regulation of response to red or far far red light ,1,1,1,0,1,1,1,0,0
multicellular organism development        ,1,1,1,0,1,1,1,0,0
interaction with host        ,1,1,1,0,1,1,1,0,0
regulation of developmental process       ,1,1,1,0,1,1,1,0,0
response to gravity        ,1,1,1,0,1,1,1,0,0
reproductive shoot system development       ,1,1,1,0,1,1,1,0,0
shoot system development        ,1,1,1,0,1,1,1,0,0
protein-DNA complex assembly        ,1,1,1,0,1,1,1,0,0
negative regulation of peptidase activity      ,1,1,1,0,1,1,1,0,0
gravitropism          ,1,1,1,0,1,1,1,0,0
phyllome development         ,1,1,1,0,1,1,1,0,0
polyol metabolic process        ,1,1,1,0,1,1,1,0,0
cellular catabolic process        ,1,1,1,0,1,1,1,0,0
phosphate-containing compound metabolic process       ,1,1,1,0,1,1,1,0,0
photomorphogenesis          ,1,1,1,0,1,1,1,0,0
polyol biosynthetic process        ,1,1,1,0,1,1,1,0,0
meristem structural organization        ,1,1,1,0,1,1,1,0,0
alcohol biosynthetic process        ,1,1,1,0,1,1,1,0,0
DNA methylation         ,1,1,1,0,1,1,1,0,0
post-embryonic development         ,1,1,1,0,1,1,1,0,0
regulation of shoot system development      ,1,1,1,0,1,1,1,0,0
myo-inositol hexakisphosphate biosynthetic process       ,1,1,1,0,1,1,1,0,0
lignin metabolic process        ,1,1,1,0,1,1,1,0,0
flower development         ,1,1,1,0,1,1,1,0,0
nucleosome organization         ,1,1,1,0,1,1,1,0,0
carbohydrate mediated signaling        ,1,1,1,0,1,1,1,0,0
anion transmembrane transport        ,1,1,1,0,1,1,1,0,0
tropism          ,1,1,1,0,1,1,1,0,0
developmental maturation         ,1,1,1,0,1,1,1,0,0
myo-inositol hexakisphosphate metabolic process       ,1,1,1,0,1,1,1,0,0
catabolic process         ,1,1,1,0,1,1,1,0,0
reproductive structure development        ,1,1,1,0,1,1,1,0,0
reproductive process         ,1,1,1,0,1,1,1,0,0
seed maturation         ,1,1,1,0,1,1,1,0,0
gynoecium development         ,1,1,1,0,1,1,1,0,0
organic cyclic compound catabolic process      ,1,1,1,0,1,1,1,0,0
regulation of multicellular organismal development      ,1,1,1,0,1,1,1,0,0
regulation of cell cycle process      ,1,1,1,0,1,1,1,0,0
DNA alkylation         ,1,1,1,0,1,1,1,0,0
negative regulation of hydrolase activity      ,1,1,1,0,1,1,1,0,0
primary shoot apical meristem specification      ,1,1,1,0,1,1,1,0,0
regulation of multicellular organismal process      ,1,1,1,0,1,1,1,0,0
alcohol metabolic process        ,1,1,1,0,1,1,1,0,0
response to red or far red light light   ,1,1,1,0,1,1,1,0,0
cytokinetic process         ,1,1,1,0,1,1,1,0,0
organic hydroxy compound metabolic process      ,1,1,1,0,1,1,1,0,0
anatomical structure development        ,1,1,1,0,1,1,1,0,0
floral whorl development        ,1,1,1,0,1,1,1,0,0
cytokinesis by cell plate formation      ,1,1,1,0,1,1,1,0,0
organic substance catabolic process       ,1,1,1,0,1,1,1,0,0
multicellular organism reproduction        ,1,1,1,0,1,1,1,0,0
embryonic meristem initiation        ,1,1,1,0,1,1,1,0,0
DNA methylation or demethylation       ,1,1,1,0,1,1,1,0,0
mitotic cytokinesis         ,1,1,1,0,1,1,1,0,0
protein-DNA complex subunit organization       ,1,1,1,0,1,1,1,0,0
inositol phosphate metabolic process       ,1,1,1,0,1,1,1,0,0
regulation of cell cycle       ,1,1,1,0,1,1,1,0,0
post-embryonic animal organ development       ,1,1,1,0,1,1,1,0,0
chromatin assembly or disassembly       ,1,1,1,0,1,1,1,0,0
phosphorus metabolic process        ,1,1,1,0,1,1,1,0,0
reproductive system development        ,1,1,1,0,1,1,1,0,0
regulation of flower development       ,1,1,1,0,1,1,1,0,0
response to light stimulus       ,1,1,1,0,1,1,1,0,0
triterpenoid metabolic process        ,1,1,1,0,1,1,1,0,0
floral organ development        ,1,1,1,0,1,1,1,0,0
response to radiation        ,1,1,1,0,1,1,1,0,0
ion transmembrane transport        ,1,1,1,0,1,1,1,0,0
small molecule biosynthetic process       ,1,1,1,0,1,1,1,0,0
growth          ,1,1,1,0,1,1,1,0,0
inositol phosphate biosynthetic process       ,1,1,1,0,1,1,1,0,0
carpel development         ,1,1,1,0,1,1,1,0,0
anatomical structure arrangement        ,1,1,1,0,1,1,1,0,0
terpenoid metabolic process        ,1,1,0,1,1,1,1,0,0
seed germination         ,1,1,0,1,1,1,1,0,0
isoprenoid biosynthetic process        ,1,1,0,1,1,1,1,0,0
multi-organism process         ,1,1,0,1,1,1,1,0,0
isoprenoid metabolic process        ,1,1,0,1,1,1,1,0,0
seedling development         ,1,1,0,1,1,1,1,0,0
response to stress        ,1,1,0,1,1,1,1,0,0
transmembrane transport         ,1,1,0,1,1,1,1,0,0
defense response         ,1,1,0,1,1,1,1,1,0
purine ribonucleoside monophosphate metabolic process      ,1,1,0,1,1,1,0,1,0
nucleoside monophosphate metabolic process       ,1,1,0,1,1,1,0,1,0
ribonucleotide metabolic process        ,1,1,0,1,1,1,0,1,0
purine ribonucleotide metabolic process       ,1,1,0,1,1,1,0,1,0
ribonucleoside monophosphate metabolic process       ,1,1,0,1,1,1,0,1,0
coenzyme metabolic process        ,1,1,0,1,1,1,0,1,0
purine nucleoside monophosphate metabolic process      ,1,1,0,1,1,1,0,1,0
purine ribonucleoside metabolic process       ,1,1,0,1,1,1,0,1,0
purine nucleoside metabolic process       ,1,1,0,1,1,1,0,1,0
ribonucleoside metabolic process        ,1,1,0,1,1,1,0,1,0
ribose phosphate metabolic process       ,1,1,0,1,1,1,0,1,0
purine nucleotide metabolic process       ,1,1,0,1,1,1,0,1,0
covalent chromatin modification        ,1,1,0,0,1,1,0,1,0
response to abiotic stimulus       ,1,1,0,0,1,1,1,1,0
cellular component organization or biogenesis      ,1,1,0,0,1,1,1,1,0
lipid metabolic process        ,1,1,0,0,1,1,1,1,0
cellular response to phosphate starvation      ,1,1,0,0,1,1,1,1,0
peptidyl-lysine modification         ,1,1,0,0,1,1,1,1,0
histone modification         ,1,1,0,0,1,1,1,1,0
cellular component organization        ,1,1,0,0,1,1,1,1,0
cellular protein metabolic process       ,1,1,1,1,1,1,1,0,0
meristem initiation         ,1,0,1,1,1,1,1,0,0
defense response to virus       ,1,0,1,1,1,1,1,0,0
organelle organization,1,0,0,1,1,1,1,1,0
defense response by callose deposition in cell cell wall  ,0,0,1,1,1,1,1,0,0
polysaccharide metabolic process        ,0,1,1,1,1,1,1,0,0
ribosome assembly         ,0,1,1,1,1,1,1,0,0
cell development         ,0,1,1,1,1,1,1,0,0
callose deposition in cell wall      ,0,1,1,1,1,1,1,0,0
regulation of hormone levels       ,0,1,1,1,1,1,1,0,0
regulation of meristem development       ,0,1,1,1,1,1,1,0,0
defense response by cell wall thickening     ,0,1,1,1,1,1,1,0,0
tRNA metabolic process        ,0,1,1,1,1,1,1,0,0
cell wall thickening        ,0,1,1,1,1,1,1,0,0
response to hormone        ,0,1,1,1,1,1,1,0,0
organonitrogen compound biosynthetic process       ,0,1,1,1,1,1,1,1,0
translation          ,0,1,1,1,1,1,0,1,0
glycerophospholipid metabolic process        ,0,1,1,1,1,1,0,1,0
phosphatidylinositol metabolic process        ,0,1,1,1,1,1,0,1,0
transcription by RNA polymerase II      ,0,1,1,1,1,1,0,1,0
cellular component assembly        ,0,1,1,1,1,1,0,1,0
amide transport         ,0,1,1,0,1,1,0,1,0
cofactor biosynthetic process        ,0,1,1,0,1,1,1,1,0
oligopeptide transport         ,0,1,1,0,1,1,1,1,0
peptide transport         ,0,1,1,0,1,1,1,1,0
carbohydrate phosphorylation         ,0,1,0,1,1,1,1,1,0
cell wall organization or biogenesis      ,0,1,0,1,1,1,1,1,0
cellular biogenic amine catabolic process      ,0,1,0,1,1,1,1,1,0
amine catabolic process        ,0,1,0,1,1,1,1,1,0
establishment of protein localization       ,1,1,1,1,1,0,1,1,0
protein transport         ,1,1,1,1,0,0,0,1,0
protein localization         ,1,1,1,1,0,0,0,1,0
manganese ion transmembrane transport       ,1,1,1,0,0,1,0,0,0
regulation of endopeptidase activity       ,1,1,1,0,1,1,0,0,0
negative regulation of protein metabolic process     ,1,1,1,0,1,1,0,0,0
negative regulation of cellular protein metabolic process process process  ,1,1,1,0,1,1,0,0,0
negative regulation of proteolysis       ,1,1,1,0,1,1,0,0,0
sister chromatid cohesion        ,1,1,1,0,1,1,0,0,0
manganese ion transport        ,1,1,1,0,1,1,0,0,0
negative regulation of endopeptidase activity      ,1,1,1,0,1,1,0,0,0
defense response to other organism      ,1,1,0,1,1,1,0,0,0
innate immune response        ,1,1,0,1,1,1,0,0,0
immune system process        ,1,1,0,1,1,1,0,0,0
PSII associated light-harvesting complex II catabolic process process   ,1,1,0,0,1,1,0,0,0
plastid organization         ,1,1,0,0,1,1,1,0,0
pentacyclic triterpenoid metabolic process       ,1,1,0,0,1,1,1,0,0
negative regulation of cellular macromolecule biosynthetic process process   ,1,1,0,0,1,1,1,0,0
seed dormancy process        ,1,1,0,0,1,1,1,0,0
negative regulation of macromolecule biosynthetic process     ,1,1,0,0,1,1,1,0,0
localization          ,1,1,0,0,1,1,1,0,0
organelle localization         ,1,1,0,0,1,1,1,0,0
inorganic anion transport        ,1,1,0,0,1,1,1,0,0
cellular response to extracellular stimulus      ,1,1,0,0,1,1,1,0,0
histone H3-K9 methylation        ,1,1,0,0,1,1,1,0,0
terpenoid catabolic process        ,1,1,0,0,1,1,1,0,0
fatty acid transport        ,1,1,0,0,1,1,1,0,0
carboxylic acid biosynthetic process       ,1,1,0,0,1,1,1,0,0
chromatin assembly         ,1,1,0,0,1,1,1,0,0
cellulose metabolic process        ,1,1,0,0,1,1,1,0,0
pentacyclic triterpenoid biosynthetic process       ,1,1,0,0,1,1,1,0,0
histone methylation         ,1,1,0,0,1,1,1,0,0
negative regulation of gene expression      ,1,1,0,0,1,1,1,0,0
lipid biosynthetic process        ,1,1,0,0,1,1,1,0,0
response to chemical        ,1,1,0,0,1,1,1,0,0
cellular lipid metabolic process       ,1,1,0,0,1,1,1,0,0
organonitrogen compound catabolic process       ,1,1,0,0,1,1,1,0,0
DNA packaging         ,1,1,0,0,1,1,1,0,0
carbohydrate biosynthetic process        ,1,1,0,0,1,1,1,0,0
protein methylation         ,1,1,0,0,1,1,1,0,0
histone H3-K9 modification        ,1,1,0,0,1,1,1,0,0
embryo development ending in seed dormancy     ,1,1,0,0,1,1,1,0,0
cellular response to carbohydrate stimulus      ,1,1,0,0,1,1,1,0,0
chloroplast organization         ,1,1,0,0,1,1,1,0,0
peptidyl-lysine methylation         ,1,1,0,0,1,1,1,0,0
galactolipid biosynthetic process        ,1,1,0,0,1,1,1,0,0
histone lysine methylation        ,1,1,0,0,1,1,1,0,0
beta-glucan metabolic process        ,1,1,0,0,1,1,1,0,0
response to extracellular stimulus       ,1,1,0,0,1,1,1,0,0
dormancy process         ,1,1,0,0,1,1,1,0,0
protein alkylation         ,1,1,0,0,1,1,1,0,0
response to organic substance       ,1,1,0,0,1,1,1,0,0
reproduction          ,1,1,0,0,1,1,1,0,0
cotyledon development         ,1,1,0,0,1,1,1,0,0
organic acid biosynthetic process       ,1,1,0,0,1,1,1,0,0
cellular response to external stimulus      ,1,1,0,0,1,1,1,0,0
galactolipid metabolic process        ,1,1,0,0,1,1,1,0,0
small molecule catabolic process       ,1,1,0,0,1,1,1,0,0
embryo development         ,1,1,0,0,1,1,1,0,0
cellular response to oxygen-containing compound      ,1,1,0,0,1,1,1,0,0
protein modification by small protein conjugation or or removal  ,1,1,0,0,1,1,1,0,0
regulation of phenylpropanoid metabolic process,1,1,0,0,1,1,1,1,0
substance biosynthetic process        ,1,1,1,1,1,0,0,1,0
protein metabolic process        ,1,0,1,1,0,0,1,1,0
biosynthetic process         ,1,0,1,1,0,0,1,1,0
regulation of RNA biosynthetic process      ,1,0,1,1,0,0,1,1,0
regulation of nucleic acid-templated transcription      ,1,0,1,1,0,0,1,1,0
production of ta-siRNAs involved in RNA interference interference   ,1,0,1,0,0,1,1,0,0
female gamete generation        ,1,0,1,0,1,1,1,0,0
gene silencing by miRNA       ,1,0,1,0,1,1,1,0,0
chromosome segregation,1,0,1,0,1,0,1,1,0
production of miRNAs involved in gene silencing by miRNA,1,0,0,1,1,1,0,0,0
nucleoside phosphate metabolic process       ,1,0,0,1,1,1,1,1,0
organophosphate metabolic process        ,1,0,0,1,1,1,0,1,0
nucleobase-containing small molecule metabolic process      ,1,0,0,1,1,1,0,1,0
nucleotide metabolic process        ,1,0,0,1,1,1,0,1,0
glycosyl compound metabolic process       ,1,0,0,1,1,1,0,1,0
organic substance transport        ,1,0,0,0,1,1,0,1,0
macromolecule methylation         ,1,0,0,0,1,1,1,1,0
phosphatidylinositol biosynthetic process,0,0,1,1,1,1,1,0,0
monoterpene metabolic process        ,0,1,1,1,1,0,0,1,0
L-glutamate import         ,0,1,1,1,0,0,1,1,0
monoterpene biosynthetic process        ,0,1,1,1,0,0,1,1,0
pigment accumulation in tissues       ,0,1,1,0,0,1,1,0,0
superoxide metabolic process        ,0,1,1,0,1,1,1,0,0
carpel morphogenesis         ,0,1,1,0,1,1,1,0,0
pigment accumulation in response to UV light light   ,0,1,1,0,1,1,1,0,0
organic hydroxy compound catabolic process      ,0,1,1,0,1,1,1,0,0
tRNA aminoacylation         ,0,1,1,0,1,1,1,0,0
response to oxygen radical       ,0,1,1,0,1,1,1,0,0
beta-glucan catabolic process        ,0,1,1,0,1,1,1,0,0
purine nucleoside bisphosphate metabolic process      ,0,1,1,0,1,1,1,0,0
tRNA aminoacylation for protein translation      ,0,1,1,0,1,1,1,0,0
nucleoside bisphosphate metabolic process       ,0,1,1,0,1,1,1,0,0
regulation of photomorphogenesis        ,0,1,1,0,1,1,1,0,0
response to leucine        ,0,1,1,0,1,1,1,0,0
amino acid transport        ,0,1,1,0,1,1,1,0,0
glucan catabolic process        ,0,1,1,0,1,1,1,0,0
anthocyanin accumulation in tissues in response to to UV light ,0,1,1,0,1,1,1,0,0
response to jasmonic acid       ,0,1,1,0,1,1,1,0,0
cellular polysaccharide catabolic process       ,0,1,1,0,1,1,1,0,0
meristem maintenance         ,0,1,1,0,1,1,1,0,0
monocarboxylic acid biosynthetic process       ,0,1,1,0,1,1,1,0,0
organic acid transport        ,0,1,1,0,1,1,1,0,0
fruit ripening         ,0,1,1,0,1,1,1,0,0
removal of superoxide radicals       ,0,1,1,0,1,1,1,0,0
pigment accumulation in tissues in response to to UV light ,0,1,1,0,1,1,1,0,0
pigmentation          ,0,1,1,0,1,1,1,0,0
alcohol catabolic process        ,0,1,1,0,1,1,1,0,0
cellular response to oxygen radical      ,0,1,1,0,1,1,1,0,0
microtubule-based process         ,0,1,1,0,1,1,1,0,0
cellular detoxification         ,0,1,1,0,1,1,1,0,0
cellulose catabolic process        ,0,1,1,0,1,1,1,0,0
anatomical structure maturation        ,0,1,1,0,1,1,1,0,0
response to superoxide        ,0,1,1,0,1,1,1,0,0
response to histidine        ,0,1,1,0,1,1,1,0,0
anatomical structure morphogenesis        ,0,1,1,0,1,1,1,0,0
microtubule cytoskeleton organization        ,0,1,1,0,1,1,1,0,0
hydrogen peroxide metabolic process       ,0,1,1,0,1,1,1,0,0
ribonucleoside bisphosphate metabolic process       ,0,1,1,0,1,1,1,0,0
amino acid activation        ,0,1,1,0,1,1,1,0,0
cellular response to superoxide       ,0,1,1,0,1,1,1,0,0
carboxylic acid transport        ,0,1,1,0,1,1,1,0,0
aromatic compound catabolic process       ,0,1,1,0,1,1,1,0,0
response to phenylalanine        ,0,1,1,0,1,1,1,0,0
pigment accumulation         ,0,1,1,0,1,1,1,0,0
tissue development         ,0,1,1,0,1,1,1,0,0
developmental growth         ,0,1,1,0,1,1,1,0,0
MAPK cascade         ,0,1,1,0,1,1,1,1,0
L-alpha-amino acid transmembrane transport       ,0,1,1,0,1,1,0,1,0
L-amino acid transport        ,0,1,1,0,1,1,0,1,0
response to other organism       ,0,1,0,1,1,1,0,0,0
response to endogenous stimulus       ,0,1,0,1,1,1,1,0,0
response to acid chemical       ,0,1,0,1,1,1,1,0,0
farnesyl diphosphate metabolic process       ,0,1,0,1,1,1,1,0,0
response to external biotic stimulus      ,0,1,0,1,1,1,1,0,0
cell wall modification        ,0,1,0,1,1,1,1,1,0
plant-type cell wall organization       ,0,1,0,1,1,1,0,1,0
cellular metabolic compound salvage       ,0,1,0,1,1,1,0,1,0
flavonoid biosynthetic process        ,0,1,0,1,1,1,0,1,0
coumarin biosynthetic process        ,0,1,0,0,1,1,0,1,0
glucuronoxylan biosynthetic process        ,0,1,0,0,1,1,1,1,0
cellular response to starvation       ,0,1,0,0,1,1,1,1,0
coenzyme biosynthetic process        ,0,1,0,0,1,1,1,1,0
response to wounding        ,0,1,0,0,1,1,1,1,0
response to nutrient levels       ,0,1,0,0,1,1,1,1,0
coumarin metabolic process        ,0,1,0,0,1,1,1,1,0
polyamine catabolic process        ,0,1,0,0,1,1,1,1,0
intracellular signal transduction        ,0,1,0,0,1,1,1,1,0
phenylpropanoid biosynthetic process        ,0,1,0,0,1,1,1,1,0
response to organic cyclic compound      ,0,1,0,0,1,1,1,1,0
pentose metabolic process        ,0,1,0,0,1,1,1,1,0
biological regulation         ,0,1,0,0,1,1,1,1,0
cellular response to nutrient levels      ,0,1,0,0,1,1,1,1,0
response to starvation        ,0,1,0,0,1,1,1,1,0
protein targeting,1,1,0,0,1,0,1,1,1
aspartate family amino acid metabolic process     ,1,1,1,0,0,0,0,0,0
response to decreased oxygen levels      ,1,1,1,0,0,0,1,0,0
entrainment of circadian clock       ,1,1,1,0,0,0,1,0,0
proteasome-mediated ubiquitin-dependent protein catabolic process      ,1,1,1,0,0,0,1,0,0
modification by symbiont of host morphology or or physiology  ,1,1,1,0,0,0,1,0,0
modification of morphology or physiology of other other organism involvedin symbiotic,1,1,1,0,0,0,1,0,0
response to oxygen levels       ,1,1,1,0,0,0,1,0,0
symbiont process         ,1,1,1,0,0,0,1,0,0
response to hypoxia        ,1,1,1,0,0,0,1,0,0
intracellular transport,1,1,0,1,0,0,1,1,0
regulation of nucleobase-containing compound metabolic process     ,1,0,1,1,0,0,0,1,0
regulation of nitrogen compound metabolic process     ,1,0,1,1,0,0,0,1,0
regulation of cellular biosynthetic process      ,1,0,1,1,0,0,0,1,0
regulation of RNA metabolic process      ,1,0,1,1,0,0,0,1,0
regulation of primary metabolic process      ,1,0,1,1,0,0,0,1,0
regulation of cellular macromolecule biosynthetic process     ,1,0,1,1,0,0,0,1,0
regulation of cellular metabolic process      ,1,0,1,1,0,0,0,1,0
carbohydrate derivative metabolic process       ,1,0,1,1,0,0,0,1,0
"regulation of transcription, DNA-templated          ",1,0,1,1,0,0,0,1,0
regulation of biosynthetic process       ,1,0,1,1,0,0,0,1,0
regulation of macromolecule biosynthetic process      ,1,0,1,1,0,0,0,1,0
macromolecule metabolic process        ,1,0,0,1,0,0,0,1,0
cellular macromolecule metabolic process       ,1,0,0,1,0,0,1,1,0
regulation of biological quality       ,1,0,0,0,0,1,1,0,0
production of siRNA involved in RNA interference interference   ,1,0,0,0,1,1,1,0,0
multi-organism reproductive process        ,1,0,0,0,1,1,1,0,0
negative regulation of macromolecule metabolic process     ,1,0,0,0,1,1,1,0,0
regulation of reproductive process       ,1,0,0,0,1,1,1,0,0
RNA interference         ,1,0,0,0,1,1,1,0,0
establishment of localization        ,1,0,0,0,1,1,1,0,0
transport          ,1,0,0,0,1,1,1,0,0
sterol metabolic process        ,1,0,0,0,1,1,1,0,0
mitotic cell cycle        ,1,0,0,0,1,1,1,0,0
monocarboxylic acid metabolic process       ,1,0,0,0,1,1,1,0,0
"regulation of gene expression, epigenetic          ",1,0,0,0,1,1,1,0,0
sulfate transport         ,1,0,0,0,1,1,1,0,0
peptidyl-tyrosine phosphorylation         ,1,0,0,0,1,1,1,0,0
posttranscriptional regulation of gene expression      ,1,0,0,0,1,1,1,0,0
gene silencing by RNA       ,1,0,0,0,1,1,1,0,0
gene silencing         ,1,0,0,0,1,1,1,0,0
peptidyl-tyrosine modification         ,1,0,0,0,1,1,1,0,0
response to carbohydrate        ,1,0,0,0,1,1,1,0,0
steroid metabolic process        ,1,0,0,0,1,1,1,0,0
negative regulation of metabolic process      ,1,0,0,0,1,1,1,0,0
sterol biosynthetic process        ,1,0,0,0,1,1,1,0,0
protein modification by small protein conjugation     ,1,0,0,0,1,1,1,0,0
water transport         ,1,0,0,0,1,1,1,1,0
fluid transport         ,1,0,0,0,1,1,0,1,0
RNA metabolic process        ,0,1,1,1,1,0,0,1,0
cellular macromolecule biosynthetic process       ,0,1,1,1,0,0,0,1,0
cellular aromatic compound metabolic process      ,0,1,1,1,0,0,0,1,0
ncRNA metabolic process        ,0,1,1,1,0,0,0,1,0
organic cyclic compound metabolic process      ,0,1,1,1,0,0,0,1,0
nucleic acid metabolic process       ,0,1,1,1,0,0,0,1,0
gene expression         ,0,1,1,1,0,0,0,1,0
meristem growth         ,0,1,1,0,0,1,0,0,0
regulation of meristem growth       ,0,1,1,0,1,1,0,0,0
RNA 3'-end processing        ,0,1,1,0,1,1,0,0,0
manganese ion homeostasis        ,0,1,1,0,1,1,0,0,0
siderophore metabolic process        ,0,1,1,0,1,1,0,0,0
organic anion transport        ,0,1,1,0,1,1,0,0,0
amino acid transmembrane transport       ,0,1,1,0,1,1,0,0,0
detection of chemical stimulus       ,0,1,1,0,1,1,0,0,0
regulation of growth        ,0,1,1,0,1,1,0,0,0
hydrogen peroxide catabolic process       ,0,1,1,0,1,1,0,0,0
siderophore biosynthetic process        ,0,1,1,0,1,1,0,0,0
ammonium transmembrane transport        ,0,1,1,0,1,1,0,0,0
regulation of developmental growth       ,0,1,1,0,1,1,0,0,0
organic acid transmembrane transport       ,0,1,1,0,1,1,0,0,0
response to biotic stimulus       ,0,1,0,1,1,1,0,0,0
chloroplast localization         ,0,1,0,1,1,1,0,0,0
plastid localization         ,0,1,0,1,1,1,0,0,0
photorespiration          ,0,1,0,1,1,1,0,0,0
chloroplast relocation         ,0,1,0,1,1,1,0,0,0
establishment of plastid localization       ,0,1,0,1,1,1,0,0,0
negative regulation of nucleic acid-templated transcription     ,0,1,0,0,1,1,0,0,0
cell morphogenesis         ,0,1,0,0,1,1,1,0,0
citrate metabolic process        ,0,1,0,0,1,1,1,0,0
negative regulation of nitrogen compound metabolic process process   ,0,1,0,0,1,1,1,0,0
regulation of biological process       ,0,1,0,0,1,1,1,0,0
pectin biosynthetic process        ,0,1,0,0,1,1,1,0,0
developmental cell growth        ,0,1,0,0,1,1,1,0,0
UTP biosynthetic process        ,0,1,0,0,1,1,1,0,0
purine nucleobase metabolic process       ,0,1,0,0,1,1,1,0,0
isoprenoid catabolic process        ,0,1,0,0,1,1,1,0,0
regulation of DNA metabolic process      ,0,1,0,0,1,1,1,0,0
UTP metabolic process        ,0,1,0,0,1,1,1,0,0
secondary metabolite biosynthetic process       ,0,1,0,0,1,1,1,0,0
cell growth         ,0,1,0,0,1,1,1,0,0
animal organ senescence        ,0,1,0,0,1,1,1,0,0
GTP metabolic process        ,0,1,0,0,1,1,1,0,0
cell morphogenesis involved in differentiation      ,0,1,0,0,1,1,1,0,0
polysaccharide biosynthetic process        ,0,1,0,0,1,1,1,0,0
cellular response to acid chemical      ,0,1,0,0,1,1,1,0,0
tricarboxylic acid metabolic process       ,0,1,0,0,1,1,1,0,0
DNA replication-dependent nucleosome organization       ,0,1,0,0,1,1,1,0,0
terpenoid biosynthetic process        ,0,1,0,0,1,1,1,0,0
negative regulation of nucleobase-containing compound metabolic process process   ,0,1,0,0,1,1,1,0,0
negative regulation of RNA biosynthetic process     ,0,1,0,0,1,1,1,0,0
mitotic cell cycle process       ,0,1,0,0,1,1,1,0,0
sesquiterpenoid catabolic process        ,0,1,0,0,1,1,1,0,0
callose localization         ,0,1,0,0,1,1,1,0,0
defense response by callose deposition      ,0,1,0,0,1,1,1,0,0
cellular carbohydrate catabolic process       ,0,1,0,0,1,1,1,0,0
negative regulation of cellular biosynthetic process     ,0,1,0,0,1,1,1,0,0
polysaccharide localization         ,0,1,0,0,1,1,1,0,0
negative regulation of photomorphogenesis       ,0,1,0,0,1,1,1,0,0
cell wall biogenesis        ,0,1,0,0,1,1,1,0,0
"negative regulation of transcription, DNA-templated          ",0,1,0,0,1,1,1,0,0
negative regulation of biological process      ,0,1,0,0,1,1,1,0,0
tricarboxylic acid cycle        ,0,1,0,0,1,1,1,0,0
dehiscence          ,0,1,0,0,1,1,1,0,0
negative regulation of RNA metabolic process     ,0,1,0,0,1,1,1,0,0
inflorescence development         ,0,1,0,0,1,1,1,0,0
response to oxygen-containing compound       ,0,1,0,0,1,1,1,0,0
response to nitrate        ,0,1,0,0,1,1,1,0,0
response to alcohol        ,0,1,0,0,1,1,1,0,0
apocarotenoid catabolic process        ,0,1,0,0,1,1,1,0,0
DNA replication-dependent nucleosome assembly       ,0,1,0,0,1,1,1,0,0
abscisic acid catabolic process       ,0,1,0,0,1,1,1,0,0
establishment of organelle localization       ,0,1,0,0,1,1,1,0,0
negative regulation of biosynthetic process      ,0,1,0,0,1,1,1,0,0
cellular polysaccharide metabolic process       ,0,1,0,0,1,1,1,0,0
GTP biosynthetic process        ,0,1,0,0,1,1,1,0,0
peptidyl-histidine modification         ,0,1,0,0,1,1,1,0,0
response to nitrogen compound       ,0,1,0,0,1,1,1,0,0
aging          ,0,1,0,0,1,1,1,0,0
oxidative phosphorylation         ,0,1,0,0,1,1,1,0,0
secondary metabolic process        ,0,1,0,0,1,1,1,0,0
nitrate transport         ,0,1,0,0,1,1,1,0,0
DNA conformation change        ,0,1,0,0,1,1,1,1,0
translational elongation         ,0,1,0,0,1,1,1,1,0
plant-type cell wall organization or biogenesis     ,0,1,0,0,0,1,0,1,0
polyamine metabolic process        ,0,1,0,0,0,1,0,1,0
Pattern specification process,0,0,1,1,0,1,0,0,0
aromatic compound biosynthetic process       ,0,0,1,1,1,0,0,1,0
xenobiotic transport         ,0,0,1,1,0,0,1,1,0
histone phosphorylation         ,0,0,1,0,0,1,1,0,0
cellular response to hormone stimulus      ,0,0,1,0,1,1,1,0,0
response to lead ion       ,0,0,1,0,1,1,1,0,0
xylem and phloem pattern formation      ,0,0,1,0,1,1,1,0,0
response to UV        ,0,0,1,0,1,1,1,0,0
cell wall macromolecule catabolic process      ,0,0,1,0,1,1,1,0,0
positive regulation of metabolic process,0,0,1,0,1,1,1,1,0
cell tip growth,0,0,0,1,1,1,0,0,0
vasculature development         ,0,0,0,1,0,1,1,1,0
circulatory system development        ,0,0,0,1,0,1,0,1,0
cardiovascular system development        ,0,0,0,1,0,1,0,1,0
regulation of metabolic process       ,0,0,0,1,0,1,0,1,0
regulation of cellular process,0,0,0,0,1,1,0,1,0
establishment of protein localization to organelle     ,1,0,0,0,0,0,1,1,1
protein localization to organelle       ,1,0,0,0,0,0,0,1,1
establishment of protein localization to mitochondrion     ,0,1,1,0,0,0,0,0,1
protein targeting to mitochondrion       ,0,1,1,0,0,0,0,0,1
protein localization to mitochondrion       ,0,1,1,0,0,0,0,0,1
mitochondrial transport         ,0,1,1,0,0,0,0,0,1
immune response,1,1,0,1,0,0,0,0,0
cation transmembrane transport,1,1,0,1,0,0,0,0,0
regulation of secondary metabolic process,1,1,0,0,0,0,0,1,0
response to virus        ,1,0,1,1,0,0,0,0,0
immune effector process        ,1,0,1,1,0,0,0,0,0
cellular process involved in reproduction in multicellular multicellular organism  ,1,0,1,0,0,0,0,0,0
interspecies interaction between organisms       ,1,0,1,0,0,0,1,0,0
embryo sac egg cell differentiation      ,1,0,1,0,0,0,1,0,0
cellular protein localization        ,1,0,1,0,0,0,1,1,0
intracellular protein  transport       ,1,0,1,0,0,0,0,1,0
small molecule metabolic process       ,1,0,0,1,0,0,0,1,0
leaf morphogenesis         ,1,0,0,1,0,0,0,1,0
nucleoside phosphate biosynthetic process       ,1,0,0,1,0,0,0,1,0
nucleotide biosynthetic process        ,1,0,0,1,0,0,0,1,0
regulation of cellular component organization      ,1,0,0,1,0,0,0,1,0
RNA processing         ,1,0,0,1,0,0,0,1,0
organophosphate biosynthetic process        ,1,0,0,1,0,0,0,1,0
fatty acid metabolic process       ,1,0,0,0,1,1,0,0,0
embryo sac development        ,1,0,0,0,1,1,0,0,0
nucleus organization         ,1,0,0,0,1,1,0,0,0
embryonic pattern specification        ,1,0,0,0,1,1,0,0,0
megagametogenesis          ,1,0,0,0,1,1,0,0,0
nucleolus organization         ,1,0,0,0,1,1,0,0,0
glutamine family amino acid metabolic process     ,1,0,0,0,1,1,0,0,0
alpha-amino acid metabolic process,1,0,0,0,0,0,0,1,0
"regulation of alternative mRNA splicing, via spliceosome          ",0,1,1,0,0,0,1,0,0
response to absence of light      ,0,1,1,0,0,0,1,0,0
"DNA-templated transcription, initiation          ",0,1,1,0,0,0,1,0,0
purine nucleobase biosynthetic process       ,0,1,0,0,1,1,1,0,0
maturation of SSU-rRNA        ,0,1,0,0,1,1,0,0,0
regulation of megakaryocyte differentiation       ,0,1,0,0,1,1,0,0,0
mature ribosome assembly        ,0,1,0,0,1,1,0,0,0
negative regulation of hematopoietic progenitor cell differentiation differentiation   ,0,1,0,0,1,1,0,0,0
"energy coupled proton transmembrane transport, against electrochemical gradient          ",0,1,0,0,1,1,0,0,0
nonribosomal peptide biosynthetic process       ,0,1,0,0,1,1,0,0,0
wax metabolic process        ,0,1,0,0,1,1,0,0,0
lignin biosynthetic process        ,0,1,0,0,1,1,0,0,0
wax biosynthetic process        ,0,1,0,0,1,1,0,0,0
ATP hydrolysis coupled proton transport      ,0,1,0,0,1,1,0,0,0
centromere complex assembly        ,0,1,0,0,1,1,0,0,0
magnesium ion transport        ,0,1,0,0,1,1,0,0,0
negative regulation of cell differentiation      ,0,1,0,0,1,1,0,0,0
negative regulation of myeloid cell differentiation     ,0,1,0,0,1,1,0,0,0
iron ion transport        ,0,1,0,0,1,1,0,0,0
disaccharide catabolic process        ,0,1,0,0,1,1,0,0,0
regulation of meristem structural organization      ,0,1,0,0,1,1,0,0,0
pyridoxal phosphate biosynthetic process       ,0,1,0,0,1,1,0,0,0
response to molecule of fungal origin     ,0,1,0,0,1,1,0,0,0
cinnamic acid metabolic process       ,0,1,0,0,1,1,0,0,0
cellular biogenic amine metabolic process      ,0,1,0,0,1,1,0,0,0
folic acid-containing compound biosynthetic process      ,0,1,0,0,1,1,0,0,0
myeloid cell differentiation        ,0,1,0,0,1,1,0,0,0
regulation of anatomical structure morphogenesis      ,0,1,0,0,1,1,0,0,0
pyridoxal phosphate metabolic process       ,0,1,0,0,1,1,0,0,0
regulation of myeloid cell differentiation      ,0,1,0,0,1,1,0,0,0
DNA replication-independent nucleosome assembly       ,0,1,0,0,1,1,0,0,0
microtubule-based movement         ,0,1,0,0,1,1,0,0,0
movement of cell or subcellular component     ,0,1,0,0,1,1,0,0,0
cinnamic acid biosynthetic process       ,0,1,0,0,1,1,0,0,0
megakaryocyte differentiation         ,0,1,0,0,1,1,0,0,0
cellular response to iron ion starvation     ,0,1,0,0,1,1,0,0,0
developmental growth involved in morphogenesis      ,0,1,0,0,1,1,0,0,0
cellular amine metabolic process       ,0,1,0,0,1,1,0,0,0
negative regulation of immune system process     ,0,1,0,0,1,1,0,0,0
aldehyde biosynthetic process        ,0,1,0,0,1,1,0,0,0
phospholipid transport         ,0,1,0,0,1,1,0,0,0
response to cyclopentenone        ,0,1,0,0,1,1,0,0,0
DNA replication-independent nucleosome organization       ,0,1,0,0,1,1,0,0,0
response to brassinosteroid        ,0,1,0,0,1,1,0,0,0
cell fate commitment        ,0,1,0,0,1,1,0,0,0
negative regulation of hemopoiesis       ,0,1,0,0,1,1,0,0,0
cellular component morphogenesis        ,0,1,0,0,1,1,0,0,0
negative regulation of megakaryocyte differentiation      ,0,1,0,0,1,1,0,0,0
animal organ morphogenesis        ,0,0,1,1,0,0,0,0,0
indole-containing compound metabolic process       ,0,0,1,1,0,0,1,0,0
cellular response to auxin stimulus      ,0,0,1,1,0,0,1,0,0
auxin-activated signaling pathway        ,0,0,1,1,0,0,1,0,0
phospholipid biosynthetic process        ,0,0,1,1,0,0,1,1,0
macromolecule biosynthetic process        ,0,0,1,1,0,0,0,1,0
cellular component biogenesis        ,0,0,1,1,0,0,0,1,0
cellular aldehyde metabolic process       ,0,0,1,1,0,0,0,1,0
cellular biosynthetic process        ,0,0,1,1,0,0,0,1,0
organic cyclic compound biosynthetic process      ,0,0,1,1,0,0,0,1,0
glyceraldehyde-3-phosphate metabolic process        ,0,0,1,1,0,0,0,1,0
L-glutamate transmembrane transport        ,0,0,1,1,0,0,0,1,0
regulation of gene expression       ,0,0,1,1,0,0,0,1,0
negative regulation of molecular function      ,0,0,0,1,1,1,0,0,0
purine-containing compound biosynthetic process       ,0,0,0,1,1,1,0,0,0
plant-type cell wall loosening,0,0,0,1,0,0,0,1,0
regulation of mitotic cell cycle phase transition transition   ,0,0,0,0,1,1,1,0,0
shikimate metabolic process        ,0,0,0,0,1,1,1,0,0
regulation of cell cycle phase transition     ,0,0,0,0,1,1,1,0,0
response to UV-B        ,0,0,0,0,1,1,1,0,0
gametophyte development         ,0,0,0,0,1,1,1,0,0
spindle assembly         ,0,0,0,0,1,1,1,0,0
pollination          ,0,0,0,0,1,1,1,0,0
pollen tube growth        ,0,0,0,0,1,1,1,0,0
regulation of DNA replication       ,0,0,0,0,1,1,1,0,0
dicarboxylic acid metabolic process       ,0,0,0,0,1,1,1,0,0
mitotic cell cycle phase transition      ,0,0,0,0,1,1,1,0,0
cell cycle phase transition       ,0,0,0,0,1,1,1,0,0
spindle organization         ,0,0,0,0,1,1,1,0,0
leaf development         ,0,0,0,0,1,1,1,0,0
mitochondrion organization,0,0,1,0,0,0,1,0,1
mRNA modification         ,1,1,0,0,0,0,0,0,0
regulation of cellular ketone metabolic process     ,1,1,0,0,0,0,0,0,0
protein deneddylation         ,1,1,0,0,0,0,0,0,0
cutin transport         ,1,1,0,0,0,0,0,0,0
esponse to far red light      ,1,0,1,0,0,0,0,0,0
cell wall pectin metabolic process      ,1,0,1,0,0,0,0,0,0
regulation of post-embryonic root development      ,1,0,1,0,0,0,0,0,0
iron-sulfur cluster assembly        ,1,0,1,0,0,0,0,0,0
tetrahydrofolate interconversion         ,1,0,1,0,0,0,0,0,0
response to manganese ion       ,1,0,1,0,0,0,0,0,0
metallo-sulfur cluster assembly        ,1,0,1,0,0,0,0,0,0
protein catabolic process        ,1,0,1,0,0,0,0,0,0
entrainment of circadian clock by photoperiod     ,1,0,1,0,0,0,0,0,0
oxaloacetate(2-) transmembrane transport        ,1,0,0,1,0,0,0,0,0
calcium ion transmembrane transport       ,1,0,0,1,0,0,0,0,0
glutamine metabolic process        ,1,0,0,1,0,0,0,0,0
NAD metabolic process        ,1,0,0,1,0,0,0,0,0
alpha-ketoglutarate transport         ,1,0,0,1,0,0,0,0,0
glucose metabolic process        ,1,0,0,1,0,0,0,0,0
regulation of protein dephosphorylation       ,1,0,0,1,0,0,0,0,0
NAD biosynthetic process        ,1,0,0,1,0,0,0,0,0
hexose metabolic process        ,1,0,0,1,0,0,0,0,0
nicotinamide nucleotide biosynthetic process       ,1,0,0,1,0,0,0,0,0
malate transmembrane transport        ,1,0,0,1,0,0,0,0,0
monosaccharide metabolic process        ,1,0,0,1,0,0,0,0,0
regulation of dephosphorylation        ,1,0,0,1,0,0,0,0,0
regulation of seed germination       ,1,0,0,1,0,0,0,0,0
pyridine nucleotide biosynthetic process       ,1,0,0,1,0,0,0,0,0
oxaloacetate transport         ,1,0,0,1,0,0,0,0,0
protein secretion         ,1,0,0,0,0,0,0,0,0
posttranscriptional gene silencing by RNA      ,1,0,0,0,0,0,1,0,0
vegetative to reproductive phase transition of meristem meristem   ,1,0,0,0,0,0,1,0,0
carbohydrate derivative biosynthetic process       ,1,0,0,0,0,0,1,0,0
response to light intensity       ,1,0,0,0,0,0,1,0,0
sulfate transmembrane transport        ,1,0,0,0,0,0,1,0,0
cellular protein complex disassembly       ,1,0,0,0,0,0,1,0,0
membrane lipid metabolic process       ,1,0,0,0,0,0,1,0,0
lipid storage         ,1,0,0,0,0,0,1,0,0
response to freezing        ,1,0,0,0,0,0,1,0,0
posttranscriptional gene silencing        ,1,0,0,0,0,0,1,0,0
plant ovule development        ,1,0,0,0,0,0,1,0,0
protein targeting to chloroplast       ,1,0,0,0,0,0,1,0,0
carboxylic acid catabolic process       ,1,0,0,0,0,0,1,0,0
steroid biosynthetic process        ,1,0,0,0,0,0,1,0,0
organic acid catabolic process       ,1,0,0,0,0,0,1,0,0
protein modification by small protein removal     ,1,0,0,0,0,0,1,0,0
gamete generation         ,1,0,0,0,0,0,1,0,0
purine nucleoside monophosphate biosynthetic process      ,1,0,0,0,0,0,1,0,0
"negative regulation of gene expression, epigenetic          ",1,0,0,0,0,0,1,0,0
establishment of protein localization to chloroplast     ,1,0,0,0,0,0,1,0,0
carbohydrate metabolic process        ,1,0,0,0,0,0,1,0,0
purine ribonucleoside monophosphate biosynthetic process      ,1,0,0,0,0,0,1,0,0
mitochondrial ATP synthesis coupled electron transport     ,1,0,0,0,0,0,1,0,0
methylation-dependent chromatin silencing        ,1,0,0,0,0,0,1,0,0
plant-type ovary development        ,1,0,0,0,0,0,1,0,0
protein ubiquitination         ,1,0,0,0,0,0,1,0,0
protein-containing complex disassembly        ,1,0,0,0,0,0,1,0,0
protein localization to chloroplast       ,1,0,0,0,0,0,1,0,0
sexual reproduction         ,1,0,0,0,0,0,1,0,0
cytosolic transport         ,1,0,0,0,0,0,1,1,0
alpha-amino acid biosynthetic process       ,1,0,0,0,0,0,0,1,0
establishment of localization in cell      ,1,0,0,0,0,0,0,1,0
response to temperature stimulus       ,1,0,0,0,0,0,0,1,0
mucilage extrusion from seed coat      ,1,0,0,0,0,0,0,1,0
protein folding         ,1,0,0,0,0,0,0,1,0
macromolecule localization         ,1,0,0,0,0,0,0,1,0
nucleobase-containing compound transport        ,1,0,0,0,0,0,0,1,0
cellular macromolecule localization        ,1,0,0,0,0,0,0,1,0
mRNA processing         ,1,0,0,0,0,0,0,1,0
dephosphorylation          ,1,0,0,0,0,0,0,1,0
carbohydrate derivative transport        ,1,0,0,0,0,0,0,1,0
chromatin organization         ,1,0,0,0,0,0,0,1,0
organic acid metabolic process       ,1,0,0,0,0,0,0,1,0
chromosome organization         ,1,0,0,0,0,0,0,1,0
cellular response to DNA damage stimulus     ,1,0,0,0,0,0,0,1,0
methylation          ,1,0,0,0,0,0,0,1,0
plastid membrane organization        ,1,0,0,0,0,0,0,1,0
oxoacid metabolic process        ,1,0,0,0,0,0,0,1,0
thylakoid membrane organization        ,1,0,0,0,0,0,0,1,0
carboxylic acid metabolic process       ,1,0,0,0,0,0,0,1,0
cellular localization         ,1,0,0,0,0,0,0,1,0
ribonucleoprotein complex biogenesis        ,1,0,0,0,0,0,0,1,0
(-)-lariciresinol catabolic process        ,0,1,1,0,0,0,0,0,0
root morphogenesis         ,0,1,1,0,0,0,0,0,0
aspartate family amino acid catabolic process     ,0,1,1,0,0,0,0,0,0
trichome morphogenesis         ,0,1,1,0,0,0,0,0,0
methionine catabolic process        ,0,1,1,0,0,0,0,0,0
regulation of hydrolase activity       ,0,1,1,0,0,0,0,0,0
amino acid import        ,0,1,1,0,0,0,0,0,0
protein homotetramerization         ,0,1,1,0,0,0,0,0,0
(+)-secoisolariciresinol biosynthetic process        ,0,1,1,0,0,0,0,0,0
(-)-pinoresinol metabolic process        ,0,1,1,0,0,0,0,0,0
detection of stimulus        ,0,1,1,0,0,0,0,0,0
(-)-pinoresinol catabolic process        ,0,1,1,0,0,0,0,0,0
sulfur amino acid catabolic process      ,0,1,1,0,0,0,0,0,0
lactate biosynthetic process        ,0,1,1,0,0,0,0,0,0
plant epidermis morphogenesis        ,0,1,1,0,0,0,0,0,0
(+)-secoisolariciresinol metabolic process        ,0,1,1,0,0,0,0,0,0
methionine catabolic process via 2-oxobutanoate      ,0,1,1,0,0,0,0,0,0
guanosine tetraphosphate metabolic process       ,0,1,0,1,0,0,0,0,0
purine ribonucleoside bisphosphate metabolic process      ,0,1,0,1,0,0,0,0,0
defense response to bacterium       ,0,1,0,1,0,0,0,0,0
response to bacterium        ,0,1,0,1,0,0,0,0,0
tertiary alcohol metabolic process       ,0,1,0,0,0,0,0,0,0
fruit dehiscence         ,0,1,0,0,0,0,1,0,0
membrane lipid biosynthetic process       ,0,1,0,0,0,0,1,0,0
glycolipid biosynthetic process        ,0,1,0,0,0,0,1,0,0
apocarotenoid metabolic process        ,0,1,0,0,0,0,1,0,0
abscisic acid metabolic process       ,0,1,0,0,0,0,1,0,0
cellular response to oxidative stress      ,0,1,0,0,0,0,1,0,0
oxylipin biosynthetic process        ,0,1,0,0,0,0,1,1,0
cellular homeostasis         ,0,1,0,0,0,0,0,1,0
cell redox homeostasis        ,0,1,0,0,0,0,0,1,0
protein-chromophore linkage         ,0,0,1,1,0,0,0,0,0
acidic amino acid transport       ,0,0,1,1,0,0,0,0,0
amino sugar metabolic process       ,0,0,1,0,0,0,1,0,0
dipeptide transport         ,0,0,1,0,0,0,1,0,0
glucosamine-containing compound metabolic process       ,0,0,1,0,0,0,1,0,0
aminoglycan catabolic process        ,0,0,1,0,0,0,1,0,0
chitin catabolic process        ,0,0,1,0,0,0,1,0,0
cellular response to endogenous stimulus      ,0,0,1,0,0,0,1,0,0
homogalacturonan metabolic process        ,0,0,1,0,0,0,1,0,0
aminoglycan metabolic process        ,0,0,1,0,0,0,1,0,0
coenzyme A metabolic process       ,0,0,1,0,0,0,1,0,0
metal ion transport        ,0,0,1,0,0,0,1,0,0
chitin metabolic process        ,0,0,1,0,0,0,1,0,0
response to amino acid       ,0,0,1,0,0,0,1,0,0
amino sugar catabolic process       ,0,0,1,0,0,0,1,0,0
glucosamine-containing compound catabolic process       ,0,0,1,0,0,0,1,0,0
tripeptide transport         ,0,0,1,0,0,0,1,0,0
L-lysine transport         ,0,0,1,0,0,0,1,0,0
positive regulation of biosynthetic process      ,0,0,1,0,0,0,1,0,0
L-arginine transport         ,0,0,1,0,0,0,1,0,0
positive regulation of cellular biosynthetic process     ,0,0,1,0,0,0,1,0,0
arginine transport         ,0,0,1,0,0,0,1,0,0
positive regulation of gene expression      ,0,0,1,0,0,0,1,0,0
multidimensional cell growth        ,0,0,1,0,0,0,1,0,0
L-lysine transmembrane transport        ,0,0,1,0,0,0,1,0,0
positive regulation of biological process      ,0,0,1,0,0,0,1,0,0
phospholipid metabolic process        ,0,0,1,0,0,0,1,0,0
positive regulation of macromolecule biosynthetic process     ,0,0,1,0,0,0,1,0,0
"photosynthesis, light reaction          ",0,0,1,0,0,0,1,0,0
tryptophan catabolic process        ,0,0,0,1,0,0,1,0,0
indolalkylamine metabolic process        ,0,0,0,1,0,0,1,0,0
indole-containing compound catabolic process       ,0,0,0,1,0,0,1,0,0
aromatic amino acid family catabolic process     ,0,0,0,1,0,0,1,0,0
tryptophan metabolic process        ,0,0,0,1,0,0,1,0,0
nucleobase metabolic process        ,0,0,0,1,0,0,1,0,0
xanthophyll biosynthetic process        ,0,0,0,1,0,0,1,0,0
indolalkylamine catabolic process        ,0,0,0,1,0,0,1,0,0
DNA metabolic process        ,0,0,0,1,0,0,0,1,0
response to oxidative stress       ,0,0,0,1,0,0,0,1,0
regulation of macromolecule metabolic process      ,0,0,0,1,0,0,0,1,0
flavonol biosynthetic process        ,0,0,0,1,0,0,0,1,0
protein-containing complex subunit organization       ,0,0,0,1,0,0,0,1,0
aromatic amino acid family biosynthetic process     ,0,0,0,1,0,0,0,1,0
glycerophospholipid biosynthetic process        ,0,0,0,1,0,0,0,1,0
flavone biosynthetic process        ,0,0,0,1,0,0,0,1,0
organelle fission         ,0,0,0,1,0,0,0,1,0
oxidation-reduction process         ,0,0,0,1,0,0,0,1,0
glycerolipid metabolic process        ,0,0,0,1,0,0,0,1,0
phosphate ion transport        ,0,0,0,1,0,0,0,1,0
polysaccharide catabolic process        ,0,0,0,1,0,0,0,1,0
shoot system morphogenesis        ,0,0,0,1,0,0,0,1,0
flavonol metabolic process        ,0,0,0,1,0,0,0,1,0
positive regulation of cellular process      ,0,0,0,1,0,0,0,1,0
galacturonan metabolic process        ,0,0,0,1,0,0,0,1,0
cell wall modification involved in multidimensional cell cell growth  ,0,0,0,1,0,0,0,1,0
flavone metabolic process        ,0,0,0,1,0,0,0,1,0
pectin metabolic process        ,0,0,0,1,0,0,0,1,0
translational initiation         ,0,0,0,1,0,0,0,1,0
seed coat development        ,0,0,0,1,0,0,0,1,0
proteolysis          ,0,0,0,1,0,0,0,1,0
proline transport         ,0,0,0,0,1,1,0,0,0
olefin metabolic process        ,0,0,0,0,1,1,0,0,0
response to salt stress       ,0,0,0,0,1,1,0,0,0
alkene biosynthetic process        ,0,0,0,0,1,1,0,0,0
actin filament-based process        ,0,0,0,0,1,1,0,0,0
pteridine-containing compound biosynthetic process       ,0,0,0,0,1,1,0,0,0
olefin biosynthetic process        ,0,0,0,0,1,1,0,0,0
cellular alkene metabolic process       ,0,0,0,0,1,1,0,0,0
jasmonic acid metabolic process       ,0,0,0,0,1,1,0,0,0
negative regulation of phosphorus metabolic process     ,0,0,0,0,1,1,0,0,0
anther development         ,0,0,0,0,1,1,0,0,0
ethylene biosynthetic process        ,0,0,0,0,1,1,0,0,0
rRNA transport         ,0,0,0,0,1,1,0,0,0
regulation of chromosome organization       ,0,0,0,0,1,1,0,0,0
regulation of flavonoid biosynthetic process      ,0,0,0,0,1,1,0,0,0
negative regulation of MAPK cascade      ,0,0,0,0,1,1,0,0,0
actin filament bundle organization       ,0,0,0,0,1,1,0,0,0
regulation of cell death       ,0,0,0,0,1,1,0,0,0
regulation of MAP kinase activity      ,0,0,0,0,1,1,0,0,0
stamen development         ,0,0,0,0,1,1,0,0,0
rRNA export from nucleus       ,0,0,0,0,1,1,0,0,0
cell death         ,0,0,0,0,1,1,0,0,0
unidimensional cell growth        ,0,0,0,0,1,1,0,0,0
positive regulation of flavonoid biosynthetic process     ,0,0,0,0,1,1,0,0,0
response to osmotic stress       ,0,0,0,0,1,1,0,0,0
vitamin B6 metabolic process       ,0,0,0,0,1,1,0,0,0
embryonic morphogenesis         ,0,0,0,0,1,1,0,0,0
pollen tube development        ,0,0,0,0,1,1,0,0,0
response to mechanical stimulus       ,0,0,0,0,1,1,0,0,0
carbohydrate transmembrane transport        ,0,0,0,0,1,1,0,0,0
regulation of anthocyanin metabolic process      ,0,0,0,0,1,1,0,0,0
cotyledon morphogenesis         ,0,0,0,0,1,1,0,0,0
glutamate metabolic process        ,0,0,0,0,1,1,0,0,0
ethylene metabolic process        ,0,0,0,0,1,1,0,0,0
negative regulation of MAP kinase activity     ,0,0,0,0,1,1,0,0,0
rRNA-containing ribonucleoprotein complex export from nucleus     ,0,0,0,0,1,1,0,0,0
malate transport         ,0,0,0,0,1,1,0,0,0
anthocyanin-containing compound metabolic process       ,0,0,0,0,1,1,0,0,0
response to ozone        ,0,0,0,0,1,1,0,0,0
vitamin B6 biosynthetic process       ,0,0,0,0,1,1,0,0,0
response to glucose        ,0,0,0,0,1,1,0,0,0
detection of calcium ion       ,0,0,0,0,1,1,0,0,0
sensory organ development        ,0,0,0,0,1,1,0,0,0
proton transmembrane transport        ,0,0,0,0,1,1,0,0,0
negative regulation of phosphate metabolic process     ,0,0,0,0,1,1,0,0,0
androecium development         ,0,0,0,0,1,1,0,0,0
"regulation of DNA-templated transcription, elongation          ",0,0,0,0,1,1,0,0,0
transition metal ion transport       ,0,0,0,0,1,1,0,0,0
"mitochondrial electron transport, ubiquinol to cytochrome c          ",0,0,0,0,1,1,0,0,0
cytochrome complex assembly        ,0,0,0,0,1,1,0,0,0
response to gamma radiation       ,0,0,0,0,1,1,0,0,0
chemical homeostasis         ,0,0,0,0,1,1,0,0,0
para-aminobenzoic acid metabolic process       ,0,0,0,0,1,1,0,0,0
actin filament bundle assembly       ,0,0,0,0,1,1,0,0,0
plastid transcription         ,0,0,0,0,0,0,1,1,0
pectin catabolic process        ,0,0,0,0,0,0,1,1,0
DNA replication         ,0,0,0,0,0,0,1,1,0
regulation of cell proliferation       ,0,0,0,0,0,0,1,1,0
isoflavonoid metabolic process,0,0,0,0,0,0,0,0,1
mitochondrial RNA modification        ,1,0,0,0,0,0,0,0,0
detoxification          ,1,0,0,0,0,0,0,0,0
purine nucleotide transport        ,1,0,0,0,0,0,0,0,0
pyrimidine nucleotide biosynthetic process       ,1,0,0,0,0,0,0,0,0
mismatch repair         ,1,0,0,0,0,0,0,0,0
mitochondrial RNA metabolic process       ,1,0,0,0,0,0,0,0,0
ribonucleoside monophosphate biosynthetic process       ,1,0,0,0,0,0,0,0,0
fatty acid oxidation        ,1,0,0,0,0,0,0,0,0
modulation by symbiont of RNA levels in in host  ,1,0,0,0,0,0,0,0,0
virus induced gene silencing       ,1,0,0,0,0,0,0,0,0
lipid catabolic process        ,1,0,0,0,0,0,0,0,0
positive regulation of response to oxidative stress stress   ,1,0,0,0,0,0,0,0,0
protein localization to nucleus       ,1,0,0,0,0,0,0,0,0
maintenance of DNA methylation       ,1,0,0,0,0,0,0,0,0
regulation of oxidoreductase activity       ,1,0,0,0,0,0,0,0,0
organelle fusion         ,1,0,0,0,0,0,0,0,0
regulation of response to reactive oxygen species species   ,1,0,0,0,0,0,0,0,0
protein dephosphorylation         ,1,0,0,0,0,0,0,0,0
lipid localization         ,1,0,0,0,0,0,0,0,0
fatty acid catabolic process       ,1,0,0,0,0,0,0,0,0
monosaccharide biosynthetic process        ,1,0,0,0,0,0,0,0,0
Golgi organization         ,1,0,0,0,0,0,0,0,0
glycolipid transport         ,1,0,0,0,0,0,0,0,0
glutamine family amino acid catabolic process     ,1,0,0,0,0,0,0,0,0
positive regulation of response to reactive oxygen oxygen species  ,1,0,0,0,0,0,0,0,0
nuclear division         ,1,0,0,0,0,0,0,0,0
diaminopimelate biosynthetic process        ,1,0,0,0,0,0,0,0,0
positive regulation of oxidoreductase activity      ,1,0,0,0,0,0,0,0,0
macromolecule catabolic process        ,1,0,0,0,0,0,0,0,0
histone H4 deacetylation        ,1,0,0,0,0,0,0,0,0
mRNA metabolic process        ,1,0,0,0,0,0,0,0,0
modification-dependent protein catabolic process       ,1,0,0,0,0,0,0,0,0
modulation of RNA levels in other organism organism involved insymbiotic interaction,1,0,0,0,0,0,0,0,0
microtubule polymerization         ,1,0,0,0,0,0,0,0,0
arginine metabolic process        ,1,0,0,0,0,0,0,0,0
"mRNA splicing, via spliceosome          ",1,0,0,0,0,0,0,0,0
cellular lipid catabolic process       ,1,0,0,0,0,0,0,0,0
response to high light intensity      ,1,0,0,0,0,0,0,0,0
intracellular protein transmembrane transport       ,1,0,0,0,0,0,0,0,0
import into nucleus        ,1,0,0,0,0,0,0,0,0
ribonucleotide biosynthetic process        ,1,0,0,0,0,0,0,0,0
pyrimidine-containing compound metabolic process       ,1,0,0,0,0,0,0,0,0
tyrosine metabolic process        ,1,0,0,0,0,0,0,0,0
arginine catabolic process to glutamate      ,1,0,0,0,0,0,0,0,0
regulation of superoxide dismutase activity      ,1,0,0,0,0,0,0,0,0
regulation of removal of superoxide radicals     ,1,0,0,0,0,0,0,0,0
RNA splicing         ,1,0,0,0,0,0,0,0,0
RNA methylation         ,1,0,0,0,0,0,0,0,0
ubiquitin-dependent protein catabolic process       ,1,0,0,0,0,0,0,0,0
histone H3 deacetylation        ,1,0,0,0,0,0,0,0,0
regulation of phosphatase activity       ,1,0,0,0,0,0,0,0,0
Ras protein signal transduction       ,1,0,0,0,0,0,0,0,0
pseudouridine synthesis         ,1,0,0,0,0,0,0,0,0
purine nucleoside transmembrane transport       ,1,0,0,0,0,0,0,0,0
regulation of response to stress      ,1,0,0,0,0,0,0,0,0
response to cadmium ion       ,1,0,0,0,0,0,0,0,0
production of small RNA involved in gene gene silencing byRNA ,1,0,0,0,0,0,0,0,0
cellular response to virus       ,1,0,0,0,0,0,0,0,0
proteolysis involved in cellular protein catabolic process process   ,1,0,0,0,0,0,0,0,0
inorganic anion transmembrane transport       ,1,0,0,0,0,0,0,0,0
response to toxic substance       ,1,0,0,0,0,0,0,0,0
ribose phosphate biosynthetic process       ,1,0,0,0,0,0,0,0,0
actin filament depolymerization        ,1,0,0,0,0,0,0,0,0
response to copper ion       ,1,0,0,0,0,0,0,0,0
pyrimidine ribonucleotide metabolic process       ,1,0,0,0,0,0,0,0,0
cellular response to nitrogen compound      ,1,0,0,0,0,0,0,0,0
L-proline biosynthetic process        ,1,0,0,0,0,0,0,0,0
regulation of protein serine/threonine phosphatase activity     ,1,0,0,0,0,0,0,0,0
response to red light       ,1,0,0,0,0,0,0,0,0
C-5 methylation of cytosine       ,1,0,0,0,0,0,0,0,0
chromatin silencing by small RNA      ,1,0,0,0,0,0,0,0,0
tyrosine biosynthetic process        ,1,0,0,0,0,0,0,0,0
strigolactone metabolic process        ,1,0,0,0,0,0,0,0,0
response to misfolded protein       ,1,0,0,0,0,0,0,0,0
nucleoside transmembrane transport        ,1,0,0,0,0,0,0,0,0
vesicle-mediated transport         ,1,0,0,0,0,0,0,0,0
peroxisomal transport         ,1,0,0,0,0,0,0,0,0
lipid modification         ,1,0,0,0,0,0,0,0,0
cellular macromolecule catabolic process       ,1,0,0,0,0,0,0,0,0
maintenance of location        ,1,0,0,0,0,0,0,0,0
lactone metabolic process        ,1,0,0,0,0,0,0,0,0
lysyl-tRNA aminoacylation         ,1,0,0,0,0,0,0,0,0
regulation of cellular response to oxidative stress stress   ,1,0,0,0,0,0,0,0,0
regulation of phosphoprotein phosphatase activity      ,1,0,0,0,0,0,0,0,0
positive regulation of superoxide dismutase activity     ,1,0,0,0,0,0,0,0,0
potassium ion transport        ,1,0,0,0,0,0,0,0,0
regulation of response to oxidative stress     ,1,0,0,0,0,0,0,0,0
chloroplast RNA modification        ,1,0,0,0,0,0,0,0,0
purine nucleotide biosynthetic process       ,1,0,0,0,0,0,0,0,0
microtubule nucleation         ,1,0,0,0,0,0,0,0,0
lipid oxidation         ,1,0,0,0,0,0,0,0,0
hexose biosynthetic process        ,1,0,0,0,0,0,0,0,0
plant-type cell wall cellulose metabolic process     ,1,0,0,0,0,0,0,0,0
dsRNA processing         ,1,0,0,0,0,0,0,0,0
cellular response to dsRNA       ,1,0,0,0,0,0,0,0,0
regulation of superoxide metabolic process      ,1,0,0,0,0,0,0,0,0
RNA modification         ,1,0,0,0,0,0,0,0,0
endomembrane system organization        ,1,0,0,0,0,0,0,0,0
histone H3-K4 methylation        ,1,0,0,0,0,0,0,0,0
heme metabolic process        ,1,0,0,0,0,0,0,0,0
nucleoside transport         ,1,0,0,0,0,0,0,0,0
purine ribonucleotide transport        ,1,0,0,0,0,0,0,0,0
positive regulation of reactive oxygen species metabolic metabolic process  ,1,0,0,0,0,0,0,0,0
"RNA splicing, via transesterification reactions          ",1,0,0,0,0,0,0,0,0
purine-containing compound transmembrane transport       ,1,0,0,0,0,0,0,0,0
coenzyme transport         ,1,0,0,0,0,0,0,0,0
protein import into nucleus       ,1,0,0,0,0,0,0,0,0
pyrimidine dimer repair        ,1,0,0,0,0,0,0,0,0
strigolactone biosynthetic process        ,1,0,0,0,0,0,0,0,0
proteasome assembly         ,1,0,0,0,0,0,0,0,0
lactone biosynthetic process        ,1,0,0,0,0,0,0,0,0
response to dsRNA        ,1,0,0,0,0,0,0,0,0
response to metal ion       ,1,0,0,0,0,0,0,0,0
monocarboxylic acid catabolic process       ,1,0,0,0,0,0,0,0,0
cellular response to stress       ,1,0,0,0,0,0,0,0,0
cellular protein catabolic process       ,1,0,0,0,0,0,0,0,0
pyrimidine ribonucleotide biosynthetic process       ,1,0,0,0,0,0,0,0,0
DNA biosynthetic process        ,1,0,0,0,0,0,0,0,0
post-translational protein modification        ,1,0,0,0,0,0,0,0,0
protein transmembrane import into intracellular organelle     ,1,0,0,0,0,0,0,0,0
gluconeogenesis          ,1,0,0,0,0,0,0,0,0
"adenosine 3',5'-bisphosphate transmembrane transport          ",1,0,0,0,0,0,0,0,0
coenzyme A transmembrane transport       ,1,0,0,0,0,0,0,0,0
formation of translation preinitiation complex      ,1,0,0,0,0,0,0,0,0
microtubule polymerization or depolymerization       ,1,0,0,0,0,0,0,0,0
modification-dependent macromolecule catabolic process       ,1,0,0,0,0,0,0,0,0
protein depolymerization         ,1,0,0,0,0,0,0,0,0
protein import         ,1,0,0,0,0,0,0,0,0
karyogamy          ,1,0,0,0,0,0,0,0,0
coenzyme A transport        ,1,0,0,0,0,0,0,0,0
nucleoside monophosphate biosynthetic process       ,1,0,0,0,0,0,0,0,0
pyrimidine-containing compound biosynthetic process       ,1,0,0,0,0,0,0,0,0
pyrimidine nucleotide metabolic process       ,1,0,0,0,0,0,0,0,0
sulfur compound transport        ,1,0,0,0,0,0,0,0,0
"RNA splicing, via transesterification reactions with bulged adenosine as nucleophile          ",1,0,0,0,0,0,0,0,0
positive regulation of cellular response to oxidative oxidative stress  ,1,0,0,0,0,0,0,0,0
chromatin silencing         ,1,0,0,0,0,0,0,0,0
cellular modified amino acid biosynthetic process     ,0,1,0,0,0,0,0,0,0
glucan metabolic process        ,0,1,0,0,0,0,0,0,0
nucleic acid phosphodiester bond hydrolysis      ,0,1,0,0,0,0,0,0,0
cadmium ion transport        ,0,1,0,0,0,0,0,0,0
glycolipid metabolic process        ,0,1,0,0,0,0,0,0,0
negative regulation of protein modification process     ,0,1,0,0,0,0,0,0,0
abscission          ,0,1,0,0,0,0,0,0,0
chloroplast fission         ,0,1,0,0,0,0,0,0,0
post-embryonic animal morphogenesis        ,0,1,0,0,0,0,0,0,0
response to lipid        ,0,1,0,0,0,0,0,0,0
protein heterooligomerization         ,0,1,0,0,0,0,0,0,0
iron ion transmembrane transport       ,0,1,0,0,0,0,0,0,0
nitrogen fixation         ,0,1,0,0,0,0,0,0,0
systemic acquired resistance        ,0,1,0,0,0,0,0,0,0
detection of endogenous stimulus       ,0,1,0,0,0,0,0,0,0
mRNA 3'-end processing        ,0,1,0,0,0,0,0,0,0
detection of hormone stimulus       ,0,1,0,0,0,0,0,0,0
chromatin silencing at rDNA       ,0,1,0,0,0,0,0,0,0
response to abscisic acid       ,0,1,0,0,0,0,0,0,0
floral organ abscission        ,0,1,0,0,0,0,0,0,0
regulation of proteolysis        ,0,1,0,0,0,0,0,0,0
exocytosis          ,0,1,0,0,0,0,0,0,0
very long-chain fatty acid metabolic process     ,0,1,0,0,0,0,0,0,0
cellular glucan metabolic process       ,0,1,0,0,0,0,0,0,0
cadmium ion transmembrane transport       ,0,1,0,0,0,0,0,0,0
protein heterotetramerization         ,0,1,0,0,0,0,0,0,0
liposaccharide metabolic process        ,0,1,0,0,0,0,0,0,0
negative regulation of protein phosphorylation      ,0,1,0,0,0,0,0,0,0
amine metabolic process        ,0,1,0,0,0,0,0,0,0
transcription initiation from RNA polymerase II promoter promoter   ,0,1,0,0,0,0,0,0,0
plastid fission         ,0,1,0,0,0,0,0,0,0
water homeostasis         ,0,1,0,0,0,0,0,0,0
cellular carbohydrate biosynthetic process       ,0,1,0,0,0,0,0,0,0
response to ammonium ion       ,0,1,0,0,0,0,0,0,0
"defense response, incompatible interaction          ",0,1,0,0,0,0,0,0,0
negative regulation of phosphorylation       ,0,1,0,0,0,0,0,0,0
stomatal lineage progression        ,0,1,0,0,0,0,0,0,0
nucleotide catabolic process        ,0,1,0,0,0,0,0,0,0
regulation of anion channel activity      ,0,0,1,0,0,0,0,0,0
root development         ,0,0,1,0,0,0,0,0,0
negative regulation of ion transport      ,0,0,1,0,0,0,0,0,0
regulation of transporter activity       ,0,0,1,0,0,0,0,0,0
skotomorphogenesis          ,0,0,1,0,0,0,0,0,0
negative regulation of iron ion transport     ,0,0,1,0,0,0,0,0,0
serine family amino acid catabolic process     ,0,0,1,0,0,0,0,0,0
negative regulation of cellular metabolic process     ,0,0,1,0,0,0,0,0,0
regulation of cytokinesis        ,0,0,1,0,0,0,0,0,0
root hair cell development       ,0,0,1,0,0,0,0,0,0
regulation of transmembrane transport       ,0,0,1,0,0,0,0,0,0
carbohydrate derivative catabolic process       ,0,0,1,0,0,0,0,0,0
tetrahydrofolate metabolic process        ,0,0,1,0,0,0,0,0,0
glycine catabolic process        ,0,0,1,0,0,0,0,0,0
cellular manganese ion homeostasis       ,0,0,1,0,0,0,0,0,0
cell wall modification involved in fruit ripening ripening   ,0,0,1,0,0,0,0,0,0
membrane fusion         ,0,0,1,0,0,0,0,0,0
N-terminal protein amino acid modification      ,0,0,1,0,0,0,0,0,0
determination of dorsal identity       ,0,0,1,0,0,0,0,0,0
anther wall tapetum development       ,0,0,1,0,0,0,0,0,0
lipoprotein metabolic process        ,0,0,1,0,0,0,0,0,0
response to inorganic substance       ,0,0,1,0,0,0,0,0,0
regulation of ion transmembrane transport      ,0,0,1,0,0,0,0,0,0
lateral growth         ,0,0,1,0,0,0,0,0,0
trichome differentiation         ,0,0,1,0,0,0,0,0,0
positive regulation of MAPK cascade      ,0,0,1,0,0,0,0,0,0
trichoblast differentiation         ,0,0,1,0,0,0,0,0,0
lysine transport         ,0,0,1,0,0,0,0,0,0
protein lipidation         ,0,0,1,0,0,0,0,0,0
regulation of anion transmembrane transport      ,0,0,1,0,0,0,0,0,0
regulation of transmembrane transporter activity      ,0,0,1,0,0,0,0,0,0
lipoprotein biosynthetic process        ,0,0,1,0,0,0,0,0,0
dicarboxylic acid transport        ,0,0,1,0,0,0,0,0,0
root cap development        ,0,0,1,0,0,0,0,0,0
sulfur compound catabolic process       ,0,0,1,0,0,0,0,0,0
cell wall pectin biosynthetic process      ,0,0,1,0,0,0,0,0,0
"regulation of mRNA splicing, via spliceosome          ",0,0,1,0,0,0,0,0,0
root system development        ,0,0,1,0,0,0,0,0,0
pyrimidine nucleoside biosynthetic process       ,0,0,1,0,0,0,0,0,0
protein acylation         ,0,0,1,0,0,0,0,0,0
trichoblast maturation         ,0,0,1,0,0,0,0,0,0
root hair cell differentiation       ,0,0,1,0,0,0,0,0,0
modulation by virus of host morphology or or physiology  ,0,0,1,0,0,0,0,0,0
regulation of iron ion transport      ,0,0,1,0,0,0,0,0,0
pyrimidine ribonucleoside biosynthetic process       ,0,0,1,0,0,0,0,0,0
basic amino acid transport       ,0,0,1,0,0,0,0,0,0
ammonium transport         ,0,0,1,0,0,0,0,0,0
viral process         ,0,0,1,0,0,0,0,0,0
activation of MAPKK activity       ,0,0,1,0,0,0,0,0,0
cell maturation         ,0,0,1,0,0,0,0,0,0
root hair elongation        ,0,0,1,0,0,0,0,0,0
multi-organism cellular process        ,0,0,1,0,0,0,0,0,0
regulation of ion transmembrane transporter activity     ,0,0,1,0,0,0,0,0,0
activation of protein kinase activity      ,0,0,1,0,0,0,0,0,0
detection of external stimulus       ,0,0,1,0,0,0,0,0,0
regulation of anion transport       ,0,0,1,0,0,0,0,0,0
response to auxin       RNA ,0,0,1,0,0,0,0,0,0
secondary growth         ,0,0,1,0,0,0,0,0,0
branched-chain amino acid metabolic process      ,0,0,0,1,0,0,0,0,0
cation transport         ,0,0,0,1,0,0,0,0,0
protein N-linked glycosylation        ,0,0,0,1,0,0,0,0,0
oxalate catabolic process        ,0,0,0,1,0,0,0,0,0
potassium ion export        ,0,0,0,1,0,0,0,0,0
cell adhesion         ,0,0,0,1,0,0,0,0,0
polarity specification of adaxial/abaxial axis      ,0,0,0,1,0,0,0,0,0
ammonia assimilation cycle        ,0,0,0,1,0,0,0,0,0
regulation of cellular component biogenesis      ,0,0,0,1,0,0,0,0,0
adaxial/abaxial axis specification        ,0,0,0,1,0,0,0,0,0
determination of bilateral symmetry       ,0,0,0,1,0,0,0,0,0
defense response to insect       ,0,0,0,1,0,0,0,0,0
phosphatidylglycerol metabolic process        ,0,0,0,1,0,0,0,0,0
regulation of DNA methylation       ,0,0,0,1,0,0,0,0,0
specification of symmetry        ,0,0,0,1,0,0,0,0,0
retinoid metabolic process        ,0,0,0,1,0,0,0,0,0
negative regulation of catalytic activity      ,0,0,0,1,0,0,0,0,0
regulation of seedling development       ,0,0,0,1,0,0,0,0,0
ribosomal large subunit biogenesis       ,0,0,0,1,0,0,0,0,0
respiratory electron transport chain       ,0,0,0,1,0,0,0,0,0
biological adhesion         ,0,0,0,1,0,0,0,0,0
dicarboxylic acid catabolic process       ,0,0,0,1,0,0,0,0,0
adaxial/abaxial pattern specification        ,0,0,0,1,0,0,0,0,0
response to nutrient        ,0,0,0,1,0,0,0,0,0
oxalate metabolic process        ,0,0,0,1,0,0,0,0,0
protein polymerization         ,0,0,0,1,0,0,0,0,0
L-serine metabolic process        ,0,0,0,1,0,0,0,0,0
glucose catabolic process        ,0,0,0,1,0,0,0,0,0
regulation of cellular catabolic process      ,0,0,0,1,0,0,0,0,0
abscisic acid-activated signaling pathway       ,0,0,0,1,0,0,0,0,0
regulation of organelle organization       ,0,0,0,1,0,0,0,0,0
regionalization          ,0,0,0,1,0,0,0,0,0
protein import into chloroplast thylakoid membrane     ,0,0,0,1,0,0,0,0,0
RNA 5'-end processing        ,0,0,0,1,0,0,0,0,0
specification of axis polarity       ,0,0,0,1,0,0,0,0,0
glycerolipid biosynthetic process        ,0,0,0,1,0,0,0,0,0
axis specification         ,0,0,0,1,0,0,0,0,0
hexose catabolic process        ,0,0,0,1,0,0,0,0,0
response to insect        ,0,0,0,1,0,0,0,0,0
retinol metabolic process        ,0,0,0,1,0,0,0,0,0
animal organ formation        ,0,0,0,1,0,0,0,0,0
cellulose biosynthetic process        ,0,0,0,0,0,0,1,0,0
alpha-amino acid catabolic process       ,0,0,0,0,0,0,1,0,0
plant-type cell wall biogenesis       ,0,0,0,0,0,0,1,0,0
leaf senescence         ,0,0,0,0,0,0,1,0,0
hormone biosynthetic process        ,0,0,0,0,0,0,1,0,0
alditol catabolic process        ,0,0,0,0,0,0,1,0,0
positive regulation of cell division      ,0,0,0,0,0,0,1,0,0
cell wall polysaccharide metabolic process      ,0,0,0,0,0,0,1,0,0
regulation of response to alcohol      ,0,0,0,0,0,0,1,0,0
negative regulation of response to alcohol     ,0,0,0,0,0,0,1,0,0
indoleacetic acid metabolic process       ,0,0,0,0,0,0,1,0,0
cell wall polysaccharide biosynthetic process      ,0,0,0,0,0,0,1,0,0
inositol phosphate catabolic process       ,0,0,0,0,0,0,1,0,0
formation of animal organ boundary      ,0,0,0,0,0,0,1,0,0
regulation of mitotic cell cycle      ,0,0,0,0,0,0,1,0,0
negative regulation of growth       ,0,0,0,0,0,0,1,0,0
formation of anatomical boundary       ,0,0,0,0,0,0,1,0,0
ATP synthesis coupled electron transport      ,0,0,0,0,0,0,1,0,0
release of seed from dormancy      ,0,0,0,0,0,0,1,0,0
polyol catabolic process        ,0,0,0,0,0,0,1,0,0
xanthophyll metabolic process        ,0,0,0,0,0,0,1,0,0
cellular amino acid catabolic process      ,0,0,0,0,0,0,1,0,0
cellular response to jasmonic acid stimulus     ,0,0,0,0,0,0,1,0,0
peptidyl-histidine phosphorylation         ,0,0,0,0,0,0,1,0,0
auxin metabolic process        ,0,0,0,0,0,0,1,0,0
ER-nucleus signaling pathway        ,0,0,0,0,0,0,1,0,0
organophosphate catabolic process        ,0,0,0,0,0,0,1,0,0
negative regulation of cell proliferation      ,0,0,0,0,0,0,1,0,0
negative regulation of flower development      ,0,0,0,0,0,0,1,0,0
negative regulation of abscisic acid-activated signaling pathway pathway   ,0,0,0,0,0,0,1,0,0
regulation of abscisic acid-activated signaling pathway     ,0,0,0,0,0,0,1,0,0
DNA-dependent DNA replication        ,0,0,0,0,0,0,1,0,0
indoleacetic acid biosynthetic process       ,0,0,0,0,0,0,1,0,0
lysine metabolic process        ,0,0,0,0,0,0,1,0,0
inositol phosphate dephosphorylation        ,0,0,0,0,0,0,1,0,0
hormone metabolic process        ,0,0,0,0,0,0,1,0,0
DNA replication initiation        ,0,0,0,0,0,0,1,0,0
glycosylation          ,0,0,0,0,0,0,1,0,0
cell proliferation         ,0,0,0,0,0,0,1,0,0
cellular component macromolecule biosynthetic process      ,0,0,0,0,0,0,1,0,0
glycerol catabolic process        ,0,0,0,0,0,0,1,0,0
exit from dormancy        ,0,0,0,0,0,0,1,0,0
floral organ morphogenesis        ,0,0,0,0,0,0,1,0,0
homogalacturonan biosynthetic process        ,0,0,0,0,0,0,1,0,0
cellular component disassembly        ,0,0,0,0,0,0,1,0,0
cellular response to reactive oxygen species     ,0,0,0,0,0,0,1,0,0
response to cytokinin        ,0,0,0,0,0,0,1,0,0
auxin biosynthetic process        ,0,0,0,0,0,0,1,0,0
negative regulation of post-embryonic development      ,0,0,0,0,0,0,1,0,0
indole-containing compound biosynthetic process       ,0,0,0,0,0,0,1,0,0
photoperiodism          ,0,0,0,0,0,0,1,0,0
cellular hormone metabolic process       ,0,0,0,0,0,0,1,0,0
cell wall macromolecule biosynthetic process      ,0,0,0,0,0,0,1,0,0
post-embryonic animal organ morphogenesis       ,0,0,0,0,0,0,1,0,0
regulation of carbohydrate metabolic process      ,0,0,0,0,0,0,1,0,0
specification of floral organ identity      ,0,0,0,0,0,0,0,1,0
"positive regulation of transcription, DNA-templated          ",0,0,0,0,0,0,0,1,0
copper ion homeostasis        ,0,0,0,0,0,0,0,1,0
DNA repair         ,0,0,0,0,0,0,0,1,0
organophosphate ester transport        ,0,0,0,0,0,0,0,1,0
defense response to nematode       ,0,0,0,0,0,0,0,1,0
pteridine-containing compound metabolic process       ,0,0,0,0,0,0,0,1,0
response to nematode        ,0,0,0,0,0,0,0,1,0
specification of animal organ identity      ,0,0,0,0,0,0,0,1,0
oligosaccharide metabolic process        ,0,0,0,0,0,0,0,1,0
membrane organization         ,0,0,0,0,0,0,0,1,0
plant-type cell wall modification involved in multidimensional multidimensional cell growth ,0,0,0,0,0,0,0,1,0
rRNA processing         ,0,0,0,0,0,0,0,1,0
cell differentiation         ,0,0,0,0,0,0,0,1,0
ribosome biogenesis         ,0,0,0,0,0,0,0,1,0
positive regulation of macromolecule metabolic process     ,0,0,0,0,0,0,0,1,0
aromatic amino acid family metabolic process     ,0,0,0,0,0,0,0,1,0
"RNA splicing, via endonucleolytic cleavage and ligation          ",0,0,0,0,0,0,0,1,0
response to heat        ,0,0,0,0,0,0,0,1,0
cellular copper ion homeostasis       ,0,0,0,0,0,0,0,1,0
hyperosmotic response         ,0,0,0,0,0,0,0,1,0
organelle assembly         ,0,0,0,0,0,0,0,1,0
cellular developmental process        ,0,0,0,0,0,0,0,1,0
positive regulation of RNA biosynthetic process     ,0,0,0,0,0,0,0,1,0
homeostatic process         ,0,0,0,0,0,0,0,1,0
cellular nitrogen compound catabolic process      ,0,0,0,0,0,0,0,1,0
protein ADP-ribosylation         ,0,0,0,0,0,0,0,1,0
positive regulation of nucleic acid-templated transcription     ,0,0,0,0,0,0,0,1,0
disaccharide metabolic process        ,0,0,0,0,0,0,0,1,0
ncRNA processing         ,0,0,0,0,0,0,0,1,0
NADP metabolic process        ,0,0,0,0,0,0,0,1,0
Golgi vesicle transport        ,0,0,0,0,0,0,0,1,0
cellular amino acid biosynthetic process      ,0,0,0,0,0,0,0,1,0
double-strand break repair        ,0,0,0,0,0,0,0,1,0
positive regulation of nucleobase-containing compound metabolic process process   ,0,0,0,0,0,0,0,1,0
plant epidermis development        ,0,0,0,0,0,0,0,1,0
1-aminocyclopropane-1-carboxylate biosynthetic process        ,0,0,0,0,0,0,0,1,0
serine family amino acid metabolic process     ,0,0,0,0,0,0,0,1,0
photosystem II assembly        ,0,0,0,0,0,0,0,1,0
response to topologically incorrect protein      ,0,0,0,0,0,0,0,1,0
salicylic acid mediated signaling pathway      ,0,0,0,0,0,0,0,1,0
cellular amino acid metabolic process      ,0,0,0,0,0,0,0,1,0
protein maturation         ,0,0,0,0,0,0,0,1,0
tetrapyrrole metabolic process        ,0,0,0,0,0,0,0,1,0
meiotic cell cycle process       ,0,0,0,0,0,0,0,1,0
sulfur compound metabolic process       ,0,0,0,0,0,0,0,1,0
maltose metabolic process        ,0,0,0,0,0,0,0,1,0
DNA recombination         ,0,0,0,0,0,0,0,1,0
photosynthesis          ,0,0,0,0,0,0,0,1,0
sulfur compound biosynthetic process       ,0,0,0,0,0,0,0,1,0
proteasome core complex assembly       ,0,0,0,0,0,0,0,1,0
starch metabolic process        ,0,0,0,0,0,0,0,1,0
vitamin biosynthetic process        ,0,0,0,0,0,0,0,1,0
positive regulation of cellular metabolic process     ,0,0,0,0,0,0,0,1,0
oxylipin metabolic process        ,0,0,0,0,0,0,0,1,0
rRNA metabolic process        ,0,0,0,0,0,0,0,1,0
nuclear transport         ,0,0,0,0,0,0,0,1,0
positive regulation of RNA metabolic process     ,0,0,0,0,0,0,0,1,0
porphyrin-containing compound metabolic process       ,0,0,0,0,0,0,0,1,0
methylammonium transport         ,0,0,0,0,0,0,0,1,0
nucleocytoplasmic transport         ,0,0,0,0,0,0,0,1,0
one-carbon compound transport        ,0,0,0,0,0,0,0,1,0
positive regulation of nitrogen compound metabolic process process   ,0,0,0,0,0,0,0,1,0
1-aminocyclopropane-1-carboxylate metabolic process        ,0,0,0,0,0,0,0,1,0
response to salicylic acid       ,0,0,0,0,0,0,0,1,0
negative regulation of defense response to bacterium bacterium   ,0,0,0,0,0,0,0,1,0
vitamin metabolic process        ,0,0,0,0,0,0,0,1,0